"Accepted Symbol","Synonym Symbol","Scientific Name"
"ABBA","","Abies balsamea"
"ABCO","","Abies concolor"
"ACVI","","Acalypha virginica"
"ACNI5","","Acer nigrum"
"ACPE","","Acer pensylvanicum"
"ACSP2","","Acer spicatum"
"ACMIB","","Achillea millefolium var. borealis"
"ACAM","","Acorus americanus"
"ACPA","","Actaea pachypoda"
"ACRAR","","Actaea racemosa var. racemosa"
"ACRAR","CIRA","Cimicifuga racemosa"
"ACRU2","","Actaea rubra"
"ACRUR2","","Actaea rubra ssp. rubra"
"ACRUR2","ACSPR3","Actaea spicata ssp. rubra"
"ADPE","","Adiantum pedatum"
"ADFU","","Adlumia fungosa"
"AGAC","","Agalinis acuta"
"AGMA3","","Agalinis maritima"
"AGPA12","","Agalinis paupercula"
"AGTE3","","Agalinis tenuifolia"
"AGNE2","","Agastache nepetoides"
"AGSC","","Agastache scrophulariifolia"
"AGAR4","","Ageratina aromatica"
"AGARA","","Ageratina aromatica var. aromatica"
"AGARA","EUAR7","Eupatorium aromaticum"
"AGGR2","","Agrimonia gryposepala"
"AGPA6","","Agrimonia parviflora"
"AGPU","","Agrimonia pubescens"
"AGRO3","","Agrimonia rostellata"
"AGST","","Agrimonia striata"
"AGEL4","","Agrostis elliottiana"
"AGPE","","Agrostis perennans"
"AGPE","AGAL8","Agrostis altissima"
"ALFA2","","Aletris farinosa"
"ALTR7","","Alisma triviale"
"ALTR7","ALPLA","Alisma plantago-aquatica var. americanum"
"ALCA3","","Allium canadense"
"ALSC","","Allium schoenoprasum"
"ALSCS","","Allium schoenoprasum var. sibiricum"
"ALTR3","","Allium tricoccum"
"ALINR","","Alnus incana ssp. rugosa"
"ALVIC","","Alnus viridis ssp. crispa"
"ALAE","","Alopecurus aequalis"
"AMCA2","","Amaranthus cannabinus"
"AMPU2","","Amaranthus pumilus"
"AMAR2","","Ambrosia artemisiifolia"
"AMARE","","Ambrosia artemisiifolia var. elatior"
"AMARE","AMEL2","Ambrosia elatior"
"AMTR","","Ambrosia trifida"
"AMBA","","Amelanchier bartramiana"
"AMNA2","","Amelanchier nantucketensis"
"AMOB2","","Amelanchier obovalis"
"AMSA","","Amelanchier sanguinea"
"AMST80","","Amelanchier stolonifera"
"AMBR","","Ammophila breviligulata"
"AMCH6","","Ammophila champlainensis"
"AMFR","","Amorpha fruticosa"
"AMBRC","","Amphicarpaea bracteata var. comosa"
"AMPU6","","Amphicarpum purshii"
"AMPU6","AMAM","Amphicarpum amphicarpon"
"ANPO","","Andromeda polifolia"
"ANPOG","","Andromeda polifolia var. glaucophylla"
"ANPOG","ANGL","Andromeda glaucophylla"
"ANGLG2","","Andropogon glomeratus var. glomeratus"
"ANGLG2","ANVIA","Andropogon virginicus var. abbreviatus"
"ANVI2","","Andropogon virginicus"
"ANOC2","","Androsace occidentalis"
"ANCA8","","Anemone canadensis"
"ANCY","","Anemone cylindrica"
"ANVI3","","Anemone virginiana"
"ANAT","","Angelica atropurpurea"
"ANLU","","Angelica lucida"
"ANVE","","Angelica venenosa"
"ANCR2","","Anoda cristata"
"ANHOC","","Antennaria howellii ssp. canadensis"
"ANHOC","ANCA38","Antennaria canadensis"
"ANHOP","","Antennaria howellii ssp. petaloidea"
"ANHOP","ANNEP3","Antennaria neglecta var. petaloidea"
"APHY","","Aplectrum hyemale"
"APCA","","Apocynum cannabinum"
"APCA","APSI","Apocynum sibiricum"
"AQCA","","Aquilegia canadensis"
"ARCA","","Arabis canadensis"
"ARDR","","Arabis drummondii"
"ARGL","","Arabis glabra"
"ARHI","","Arabis hirsuta"
"ARHIP","","Arabis hirsuta var. pycnocarpa"
"ARHIP","ARHIA","Arabis hirsuta var. adpressipilis"
"ARLA","","Arabis laevigata"
"ARLY2","","Arabis lyrata"
"ARLY2","ARLY5","Arabidopsis lyrata"
"ARMI5","","Arabis missouriensis"
"ARMI5","ARMID","Arabis missouriensis var. deamii"
"ARHI2","","Aralia hispida"
"ARRA","","Aralia racemosa"
"ARPU3","","Arceuthobium pusillum"
"ARUV","","Arctostaphylos uva-ursi"
"ARBU","","Arethusa bulbosa"
"ARAN7","","Argentina anserina"
"ARAN7","POAN5","Potentilla anserina"
"ARDR3","","Arisaema dracontium"
"ARBA2","","Aristida basiramea"
"ARDI4","","Aristida dichotoma"
"ARLO16","","Aristida longespica"
"ARLO16","ARLO2","Aristida longispica"
"ARLOG6","","Aristida longespica var. geniculata"
"ARLOG6","ARIN8","Aristida intermedia"
"ARLOG6","ARLOG","Aristida longispica var. geniculata"
"ARLOG6","ARNE8","Aristida necopina"
"ARPU8","","Aristida purpurascens"
"ARTU","","Aristida tuberculosa"
"ARMA7","","Aristolochia macrophylla"
"ARTO3","","Aristolochia tomentosa"
"ARAT","","Arnoglossum atriplicifolium"
"ARAT","CAAT","Cacalia atriplicifolia"
"ARME6","","Aronia melanocarpa"
"ARCA12","","Artemisia campestris"
"ARCAB2","","Artemisia campestris ssp. borealis"
"ARCAC","","Artemisia campestris ssp. caudata"
"ARDR4","","Artemisia dracunculus"
"ARLU","","Artemisia ludoviciana"
"ASCA","","Asarum canadense"
"ASAM","","Asclepias amplexicaulis"
"ASEX","","Asclepias exaltata"
"ASPU2","","Asclepias purpurascens"
"ASQU","","Asclepias quadrifolia"
"ASTU","","Asclepias tuberosa"
"ASVE","","Asclepias verticillata"
"ASMO2","","Asplenium montanum"
"ASPL","","Asplenium platyneuron"
"ASRH2","","Asplenium rhizophyllum"
"ASRH2","CARH8","Camptosorus rhizophyllus"
"ASRU2","","Asplenium ruta-muraria"
"ASTR2","","Asplenium trichomanes"
"ASNE2","","Astragalus neglectus"
"ATFI","","Athyrium filix-femina"
"ATFIA","","Athyrium filix-femina ssp. angustum"
"ATGL","","Atriplex glabriuscula"
"ATSU2","","Atriplex subspicata"
"AUPE2","","Aureolaria pedicularia"
"AUPEI","","Aureolaria pedicularia var. intercedens"
"AUPEP","","Aureolaria pedicularia var. pedicularia"
"AUVI","","Aureolaria virginica"
"AZCA","","Azolla caroliniana"
"BAHA","","Baccharis halimifolia"
"BAAU","","Baptisia australis"
"BABRL2","","Baptisia bracteata var. leucophaea"
"BABRL2","BALE3","Baptisia leucophaea"
"BATI","","Baptisia tinctoria"
"BAPA2","","Bartonia paniculata"
"BAVI3","","Bartonia virginica"
"BEAL2","","Betula alleghaniensis"
"BENI","","Betula nigra"
"BEPAC2","","Betula papyrifera var. cordifolia"
"BEPO","","Betula populifolia"
"BEPU4","","Betula pumila"
"BIBE2","","Bidens beckii"
"BIBE2","MEBE2","Megalodonta beckii"
"BIBE2","MEBEB","Megalodonta beckii var. beckii"
"BICO5","","Bidens connata"
"BICO","","Bidens coronata"
"BIDI","","Bidens discoidea"
"BIEA","","Bidens eatonii"
"BIHY","","Bidens hyperborea"
"BIHYH","","Bidens hyperborea var. hyperborea"
"BIHYH","BIHYC2","Bidens hyperborea var. colpophila"
"BILA","","Bidens laevis"
"BLCI","","Blephilia ciliata"
"BLHI","","Blephilia hirsuta"
"BOFL3","","Bolboschoenus fluviatilis"
"BOFL3","SCFL","Scirpus fluviatilis"
"BOMA7","","Bolboschoenus maritimus"
"BOMA7","SCMA","Scirpus maritimus"
"BOMA7","SCPA4","Scirpus paludosus"
"BOMA7","SCPAA4","Scirpus paludosus var. atlanticus"
"BONO","","Bolboschoenus novae-angliae"
"BONO","SCCY2","Scirpus cylindricus"
"BONO","SCNO3","Scirpus novae-angliae"
"BORO5","","Bolboschoenus robustus"
"BORO5","SCRO","Scirpus robustus"
"BOAS","","Boltonia asteroides"
"BODI2","","Botrychium dissectum"
"BOLA","","Botrychium lanceolatum"
"BOLAA2","","Botrychium lanceolatum var. angustisegmentum"
"BOLAA2","BOLAA","Botrychium lanceolatum ssp. angustisegmentum"
"BOMA2","","Botrychium matricariifolium"
"BOMU","","Botrychium multifidum"
"BOMU","BOMUI","Botrychium multifidum var. intermedium"
"BOON","","Botrychium oneidense"
"BOSI","","Botrychium simplex"
"BOVI","","Botrychium virginianum"
"BOGR2","","Bouteloua gracilis"
"BORI","","Bouteloua rigidiseta"
"BRAR9","","Brachyelytrum aristosum"
"BRAR9","BRERS","Brachyelytrum erectum var. septentrionale"
"BRCI2","","Bromus ciliatus"
"BRKA2","","Bromus kalmii"
"BRLA4","","Bromus latiglumis"
"BRPU6","","Bromus pubescens"
"CACA","","Cabomba caroliniana"
"CAED","","Cakile edentula"
"CACAM","","Calamagrostis canadensis var. macouniana"
"CACO71","","Calamagrostis coarctata"
"CACO71","CACI","Calamagrostis cinnoides"
"CAPI","","Calamagrostis pickeringii"
"CAST36","","Calamagrostis stricta"
"CASTI3","","Calamagrostis stricta ssp. inexpansa"
"CASTI3","CALA47","Calamagrostis lacustris"
"CAPA","","Calla palustris"
"CAHE3","","Callitriche heterophylla"
"CAPA52","","Callitriche palustris"
"CAPA52","CAVE2","Callitriche verna"
"CATE19","","Callitriche terrestris"
"CATU5","","Calopogon tuberosus"
"CAPA5","","Caltha palustris"
"CAFL22","","Calycanthus floridus"
"CAFLG","","Calycanthus floridus var. glaucus"
"CAFLG","CAFE5","Calycanthus fertilis"
"CASE13","","Calystegia sepium"
"CASP14","","Calystegia spithamaea"
"CASPS2","","Calystegia spithamaea ssp. spithamaea"
"CASPS2","COSP6","Convolvulus spithamaeus"
"CAAP2","","Campanula aparinoides"
"CARO2","","Campanula rotundifolia"
"CABU3","","Cardamine bulbosa"
"CACO26","","Cardamine concatenata"
"CACO26","DELA5","Dentaria laciniata"
"CADO","","Cardamine douglassii"
"CALO11","","Cardamine longii"
"CAMA36","","Cardamine maxima"
"CAMA36","DEMA","Dentaria maxima"
"CAPRP","","Cardamine pratensis var. pratensis"
"CAPRP","CAPRP2","Cardamine pratensis var. palustris"
"CAAB5","","Carex abscondita"
"CAAE3","","Carex ×aestivaliformis"
"CAAE2","","Carex aestivalis"
"CAAL3","","Carex alata"
"CAAL25","","Carex albicans"
"CAAL5","","Carex albolutescens"
"CAAL11","","Carex albursina"
"CAAL8","","Carex alopecoidea"
"CAAM8","","Carex amphibola"
"CAAP5","","Carex appalachica"
"CAAQ","","Carex aquatilis"
"CAAQA","","Carex aquatilis var. aquatilis"
"CAAQA","CAAQA5","Carex aquatilis var. altior"
"CAAR3","","Carex arctata"
"CAAR4","","Carex argyrantha"
"CAATA2","","Carex atlantica ssp. atlantica"
"CAATC","","Carex atlantica ssp. capillacea"
"CAAU3","","Carex aurea"
"CABA3","","Carex backii"
"CABA7","","Carex baileyi"
"CABE2","","Carex bebbii"
"CABI3","","Carex bicknellii"
"CABR15","","Carex brunnescens"
"CABU7","","Carex bullata"
"CABU5","","Carex bushii"
"CABU6","","Carex buxbaumii"
"CACAD2","","Carex canescens ssp. disjuncta"
"CACAD2","CACAD","Carex canescens var. disjuncta"
"CACA16","","Carex castanea"
"CACE2","","Carex cephaloidea"
"CACE2","CASPC","Carex sparganioides var. cephaloidea"
"CACH5","","Carex chordorrhiza"
"CACO7","","Carex communis"
"CACO8","","Carex comosa"
"CACO14","","Carex conoidea"
"CACO14","CAKA","Carex katahdinensis"
"CACR4","","Carex crawfordii"
"CACRB","","Carex crinita var. brevicrinis"
"CACR9","","Carex cryptolepis"
"CACU3","","Carex cumulata"
"CADA","","Carex davisii"
"CADER","","Carex debilis var. rudgei"
"CADE9","","Carex deweyana"
"CADI4","","Carex diandra"
"CADI6","","Carex disperma"
"CAEB2","","Carex eburnea"
"CAEC","","Carex echinata"
"CAECE","","Carex echinata ssp. echinata"
"CAEM2","","Carex emoryi"
"CAEX7","","Carex exilis"
"CAFE3","","Carex festucacea"
"CAFL4","","Carex flava"
"CAFO6","","Carex folliculata"
"CAFO4","","Carex formosa"
"CAGL6","","Carex glaucodea"
"CAGL6","CAFLG5","Carex flaccosperma var. glaucodea"
"CAGR8","","Carex gracilescens"
"CAGR3","","Carex granularis"
"CAGR3","CAGRH","Carex granularis var. haleana"
"CAGR5","","Carex grayi"
"CAGR24","","Carex grisea"
"CAHA7","","Carex haydenii"
"CAHI6","","Carex hirsutella"
"CAHI5","","Carex hirtifolia"
"CAHI8","","Carex hitchcockiana"
"CAHO8","","Carex hormathodes"
"CAHY4","","Carex hystericina"
"CAIN12","","Carex intumescens"
"CALA16","","Carex lacustris"
"CALA14","","Carex laevivaginata"
"CALA11","","Carex lasiocarpa"
"CALA18","","Carex laxiculmis"
"CALE8","","Carex lenticularis"
"CALE11","","Carex leptonervia"
"CALI7","","Carex limosa"
"CALI","","Carex livida"
"CALIR","","Carex livida var. radicaulis"
"CALO5","","Carex longii"
"CALU17","","Carex lucorum"
"CALU3","","Carex lupuliformis"
"CAMAI2","","Carex magellanica ssp. irrigua"
"CAMAI2","CAPA22","Carex paupercula"
"CAME12","","Carex merritt-fernaldii"
"CAME13","","Carex mesochorea"
"CAMI15","","Carex michauxiana"
"CAMI18","","Carex mitchelliana"
"CAMO11","","Carex molesta"
"CAMU4","","Carex muehlenbergii"
"CANI5","","Carex nigra"
"CANO4","","Carex novae-angliae"
"CAOL2","","Carex oligocarpa"
"CAOL3","","Carex oligosperma"
"CAPA17","","Carex pallescens"
"CAPA19","","Carex pauciflora"
"CAPE11","","Carex peckii"
"CAPE4","","Carex pedunculata"
"CAPE42","","Carex pellita"
"CAPE42","CALA30","Carex lanuginosa"
"CAPL4","","Carex plantaginea"
"CAPL5","","Carex platyphylla"
"CAPO4","","Carex polymorpha"
"CAPR6","","Carex prairea"
"CAPR12","","Carex prasina"
"CAPR9","","Carex projecta"
"CAPS","","Carex pseudocyperus"
"CARE9","","Carex retroflexa"
"CARE4","","Carex retrorsa"
"CASC13","","Carex scabrata"
"CASC9","","Carex schweinitzii"
"CASE6","","Carex seorsa"
"CASI12","","Carex siccata"
"CASI12","CAAE","Carex aenea"
"CASI12","CAFO3","Carex foenea"
"CASI6","","Carex silicea"
"CASP3","","Carex sparganioides"
"CASP7","","Carex sprengelii"
"CAST16","","Carex sterilis"
"CAST6","","Carex straminea"
"CAST41","","Carex striata"
"CASTB","","Carex striata var. brevis"
"CATE3","","Carex tenera"
"CATE5","","Carex tenuiflora"
"CATE6","","Carex tetanica"
"CATI2","","Carex tincta"
"CATOR","","Carex tonsa var. rugosperma"
"CATOR","CARU5","Carex rugosperma"
"CATR8","","Carex trichocarpa"
"CATR10","","Carex trisperma"
"CATU2","","Carex tuckermanii"
"CATY","","Carex typhina"
"CAUM4","","Carex umbellata"
"CAVE6","","Carex vesicaria"
"CAVE9","","Carex vestita"
"CAVI5","","Carex viridula"
"CAWI7","","Carex wiegandii"
"CAWI2","","Carex willdenowii"
"CACO15","","Carya cordiformis"
"CADE12","","Castanea dentata"
"CAPU9","","Castanea pumila"
"CACO17","","Castilleja coccinea"
"CASP8","","Catalpa speciosa"
"CAGI6","","Caulophyllum giganteum"
"CATH2","","Caulophyllum thalictroides"
"CEAM","","Ceanothus americanus"
"CEHE","","Ceanothus herbaceus"
"CESC","","Celastrus scandens"
"CEOC","","Celtis occidentalis"
"CELO3","","Cenchrus longispinus"
"CESP4","","Cenchrus spinifex"
"CESP4","CEIN4","Cenchrus incertus"
"CETR","","Cenchrus tribuloides"
"CENU2","","Cerastium nutans"
"CEEC2","","Ceratophyllum echinatum"
"CECA4","","Cercis canadensis"
"CHNIN2","","Chamaecrista nictitans ssp. nictitans var. nictitans"
"CHNIN2","CANI4","Cassia nictitans"
"CHTH2","","Chamaecyparis thyoides"
"CHCA2","","Chamaedaphne calyculata"
"CHLU","","Chamaelirium luteum"
"CHPO6","","Chamaesyce polygonifolia"
"CHGL2","","Chelone glabra"
"CHOB3","","Chelone obliqua"
"CHOBO","","Chelone obliqua var. obliqua"
"CHALM2","","Chenopodium album var. missouriense"
"CHBE4","","Chenopodium berlandieri"
"CHBEM","","Chenopodium berlandieri var. macrocalycium"
"CHCA4","","Chenopodium capitatum"
"CHFO3","","Chenopodium foggii"
"CHHU","","Chenopodium humile"
"CHRU","","Chenopodium rubrum"
"CHSI2","","Chenopodium simplex"
"CHSI2","CHGI2","Chenopodium gigantospermum"
"CHST2","","Chenopodium standleyanum"
"CHMA3","","Chimaphila maculata"
"CHUM","","Chimaphila umbellata"
"CHUMC2","","Chimaphila umbellata ssp. cisatlantica"
"CHVI3","","Chionanthus virginicus"
"CHPUP3","","Chorizanthe pungens var. pungens"
"CHAM2","","Chrysosplenium americanum"
"CIBU","","Cicuta bulbifera"
"CIMA2","","Cicuta maculata"
"CILA2","","Cinna latifolia"
"CIAL","","Circaea alpina"
"CIHO2","","Cirsium horridulum"
"CIMU","","Cirsium muticum"
"CLMA","","Cladium mariscoides"
"CLKE","","Cladrastis kentukea"
"CLKE","CLLU","Cladrastis lutea"
"CLVI3","","Claytonia virginica"
"CLOC2","","Clematis occidentalis"
"CLAL3","","Clethra alnifolia"
"CLVU","","Clinopodium vulgare"
"CLVU","SAVUN","Satureja vulgaris var. neogaea"
"CLBO3","","Clintonia borealis"
"COPA3","","Collinsia parviflora"
"COCA4","","Collinsonia canadensis"
"COPA28","","Comarum palustre"
"COPA28","POPA14","Potentilla palustris"
"COPE80","","Comptonia peregrina"
"COCH2","","Conioselinum chinense"
"COAM","","Conopholis americana"
"COCAP3","","Conyza canadensis var. pusilla"
"COTR2","","Coptis trifolia"
"COMA25","","Corallorhiza maculata"
"COMA25","COMA4","Corallorrhiza maculata"
"COOD7","","Corallorhiza odontorhiza"
"COOD7","COOD","Corallorrhiza odontorhiza"
"COTR18","","Corallorhiza trifida"
"COTR18","COTR3","Corallorrhiza trifida"
"COTR18","COTRV","Corallorrhiza trifida var. verna"
"COCO9","","Corema conradii"
"COPU2","","Coreopsis pubescens"
"CORO","","Coreopsis rosea"
"COTR4","","Coreopsis tripteris"
"COAL2","","Cornus alternifolia"
"COAM2","","Cornus amomum"
"COCA13","","Cornus canadensis"
"COFL2","","Cornus florida"
"COOB9","","Cornus obliqua"
"COOB9","COAMS","Cornus amomum var. schuetzeana"
"CORU","","Cornus rugosa"
"COAU2","","Corydalis aurea"
"COSE5","","Corydalis sempervirens"
"COCO6","","Corylus cornuta"
"COCOC2","","Corylus cornuta var. cornuta"
"COCOC2","CORO5","Corylus rostrata"
"CRAQ","","Crassula aquatica"
"CRAQ","TIAQ3","Tillaea aquatica"
"CRBR3","","Crataegus brainerdii"
"CRCH","","Crataegus chrysocarpa"
"CRIN3","","Crataegus intricata"
"CRIN3","CRBI5","Crataegus biltmoreana"
"CRMO2","","Crataegus mollis"
"CRPE","","Crataegus pedicellata"
"CRPH","","Crataegus phaenopyrum"
"CRSU5","","Crataegus succulenta"
"CRSU5","CRBI7","Crataegus bicknellii"
"CRSA4","","Crotalaria sagittalis"
"CRST2","","Cryptogramma stelleri"
"CRCA9","","Cryptotaenia canadensis"
"CUVI","","Cuphea viscosissima"
"CUCE","","Cuscuta cephalanthi"
"CUCO2","","Cuscuta compacta"
"CUCO3","","Cuscuta coryli"
"CUPE3","","Cuscuta pentagona"
"CUPO","","Cuscuta polygonorum"
"CYVI","","Cynoglossum virginianum"
"CYVIB","","Cynoglossum virginianum var. boreale"
"CYVIB","CYBO","Cynoglossum boreale"
"CYBI6","","Cyperus bipartitus"
"CYDE2","","Cyperus dentatus"
"CYDI3","","Cyperus diandrus"
"CYEC2","","Cyperus echinatus"
"CYER2","","Cyperus erythrorhizos"
"CYES","","Cyperus esculentus"
"CYFL","","Cyperus flavescens"
"CYGR2","","Cyperus grayi"
"CYHO","","Cyperus houghtonii"
"CYLUL","","Cyperus lupulinus ssp. lupulinus"
"CYOD","","Cyperus odoratus"
"CYOD","CYEN","Cyperus engelmannii"
"CYPO","","Cyperus polystachyos"
"CYPOT","","Cyperus polystachyos var. texensis"
"CYPS","","Cyperus pseudovegetus"
"CYRE5","","Cyperus retrorsus"
"CYSC3","","Cyperus schweinitzii"
"CYSQ","","Cyperus squarrosus"
"CYSQ","CYAR3","Cyperus aristatus"
"CYAC3","","Cypripedium acaule"
"CYAR5","","Cypripedium arietinum"
"CYPA19","","Cypripedium parviflorum"
"CYPAM3","","Cypripedium parviflorum var. makasin"
"CYPAP4","","Cypripedium parviflorum var. parviflorum"
"CYPAP4","CYCAP","Cypripedium calceolus var. parviflorum"
"CYPAP3","","Cypripedium parviflorum var. pubescens"
"CYPAP3","CYCAP2","Cypripedium calceolus var. pubescens"
"CYPAP3","CYPU10","Cypripedium pubescens"
"CYRE6","","Cypripedium reginae"
"CYBU3","","Cystopteris bulbifera"
"CYFR2","","Cystopteris fragilis"
"CYLA4","","Cystopteris laurentiana"
"CYPR4","","Cystopteris protrusa"
"CYTE7","","Cystopteris tenuis"
"DAVI6","","Dactylorhiza viridis"
"DAVI6","COVI6","Coeloglossum viride"
"DAVI6","COVIV","Coeloglossum viride var. virescens"
"DARE","","Dalibarda repens"
"DACO","","Danthonia compressa"
"DAFR6","","Dasiphora fruticosa"
"DAFR6","POFR4","Potentilla fruticosa"
"DAFRF","","Dasiphora fruticosa ssp. floribunda"
"DEVE","","Decodon verticillatus"
"DEPU2","","Dennstaedtia punctilobula"
"DEAC4","","Deparia acrostichoides"
"DECE","","Deschampsia cespitosa"
"DECE","DECA18","Deschampsia caespitosa"
"DECE","DECEG2","Deschampsia cespitosa ssp. glauca"
"DEFL","","Deschampsia flexuosa"
"DEIN5","","Descurainia incana"
"DEPI","","Descurainia pinnata"
"DEPIB","","Descurainia pinnata ssp. brachycarpa"
"DECI","","Desmodium ciliare"
"DECU","","Desmodium cuspidatum"
"DEHU3","","Desmodium humifusum"
"DEMA2","","Desmodium marilandicum"
"DEOB5","","Desmodium obtusum"
"DEOB5","DERI3","Desmodium rigidum"
"DERO3","","Desmodium rotundifolium"
"DESE","","Desmodium sessilifolium"
"DICA","","Dicentra canadensis"
"DIEX","","Dicentra eximia"
"DIACF","","Dichanthelium acuminatum var. fasciculatum"
"DIACF","PACU3","Panicum curtifolium"
"DIACF","PASU6","Panicum subvillosum"
"DIACL","","Dichanthelium acuminatum var. lindheimeri"
"DIACL","PALI11","Panicum lindheimeri"
"DIBO","","Dichanthelium boreale"
"DIBO","PABI7","Panicum bicknellii"
"DIBO","PABO8","Panicum boreale"
"DIBO","PACA19","Panicum calliphyllum"
"DICO2","","Dichanthelium commutatum"
"DICO2","PAJO3","Panicum joorii"
"DIDID","","Dichanthelium dichotomum var. dichotomum"
"DIDID","DIDIM","Dichanthelium dichotomum ssp. mattamuskeetense"
"DIDID","PAAN10","Panicum annulum"
"DIDID","PALU4","Panicum lucidum"
"DIDID","PAMA10","Panicum mattamuskeetense"
"DIDID","PANU7","Panicum nudicaule"
"DIDID","PAYA2","Panicum yadkinense"
"DILI2","","Dichanthelium linearifolium"
"DILI2","PAPE10","Panicum perlongum"
"DIME2","","Dichanthelium meridionale"
"DIME2","PAME7","Panicum meridionale"
"DIOLS","","Dichanthelium oligosanthes var. scribnerianum"
"DIOLS","PASC10","Panicum scoparium"
"DIOVA","","Dichanthelium ovale var. addisonii"
"DIOVA","PACO20","Panicum commonsianum"
"DIOVA","PACOA3","Panicum commonsianum var. addisonii"
"DISAP","","Dichanthelium sabulorum var. patulum"
"DISAP","PACOE","Panicum commonsianum var. euchlamydeum"
"DISAT","","Dichanthelium sabulorum var. thinium"
"DISAT","PACO29","Panicum columbianum"
"DISC2","","Dichanthelium scabriusculum"
"DISC2","PASC8","Panicum scabriusculum"
"DISC3","","Dichanthelium scoparium"
"DISC3","PASC9","Panicum scoparium"
"DISPI","","Dichanthelium sphaerocarpon var. isophyllum"
"DISPI","PAPO4","Panicum polyanthes"
"DISPS3","","Dichanthelium sphaerocarpon var. sphaerocarpon"
"DISPS3","PASP8","Panicum sphaerocarpon"
"DISP4","","Dichanthelium spretum"
"DISP4","PAACD","Panicum acuminatum var. densiflorum"
"DISP4","PASP9","Panicum spretum"
"DIVIV","","Dichanthelium villosissimum var. villosissimum"
"DIVIV","DIOVP","Dichanthelium ovale ssp. pseudopubescens"
"DIVIV","PAVI8","Panicum villosissimum"
"DIWR3","","Dichanthelium wrightianum"
"DIWR3","PAWR7","Panicum wrightianum"
"DIXA","","Dichanthelium xanthophysum"
"DIXA","PAXA4","Panicum xanthophysum"
"DILO","","Diervilla lonicera"
"DICO6","","Digitaria cognata"
"DIFI","","Digitaria filiformis"
"DIVI5","","Diospyros virginiana"
"DIPY","","Diplazium pycnocarpon"
"DIPY","ATPY","Athyrium pycnocarpon"
"DIPA9","","Dirca palustris"
"DISP","","Distichlis spicata"
"DOIN2","","Doellingeria infirma"
"DOIN2","ASIN2","Aster infirmus"
"DRRE2","","Draba reptans"
"DRPA2","","Dracocephalum parviflorum"
"DRFI","","Drosera filiformis"
"DRIN3","","Drosera intermedia"
"DRRO","","Drosera rotundifolia"
"DRCA3","","Dryopteris campyloptera"
"DRCA11","","Dryopteris carthusiana"
"DRCL","","Dryopteris clintoniana"
"DRCR4","","Dryopteris cristata"
"DRGO3","","Dryopteris goldieana"
"DRIN5","","Dryopteris intermedia"
"DRMA4","","Dryopteris marginalis"
"ECPA","","Echinacea pallida"
"ECWA","","Echinochloa walteri"
"ECTE2","","Echinodorus tenellus"
"ECTE2","ECPA6","Echinodorus parvulus"
"ECTE2","ECTEP","Echinodorus tenellus var. parvulus"
"ECPR","","Eclipta prostrata"
"ELAM3","","Elatine americana"
"ELAM3","ELTRA4","Elatine triandra var. americana"
"ELMI","","Elatine minima"
"ELTR","","Elatine triandra"
"ELDI2","","Eleocharis diandra"
"ELEL4","","Eleocharis elliptica"
"ELEN","","Eleocharis engelmannii"
"ELEQ","","Eleocharis equisetoides"
"ELFA","","Eleocharis fallax"
"ELHA2","","Eleocharis halophila"
"ELIN","","Eleocharis intermedia"
"ELME","","Eleocharis melanocarpa"
"ELMI2","","Eleocharis microcarpa"
"ELMI2","ELMIF","Eleocharis microcarpa var. filiculmis"
"ELOB2","","Eleocharis obtusa"
"ELOB2","ELOBP","Eleocharis obtusa var. peasei"
"ELOL","","Eleocharis olivacea"
"ELOV","","Eleocharis ovata"
"ELOV","ELOBO","Eleocharis obtusa var. ovata"
"ELPA5","","Eleocharis parvula"
"ELQU","","Eleocharis quadrangulata"
"ELQU","ELQUC","Eleocharis quadrangulata var. crassior"
"ELQU2","","Eleocharis quinqueflora"
"ELQU2","ELPA6","Eleocharis pauciflora"
"ELQU2","ELPAF","Eleocharis pauciflora var. fernaldii"
"ELRO","","Eleocharis robbinsii"
"ELRO2","","Eleocharis rostellata"
"ELTR5","","Eleocharis tricostata"
"ELTU","","Eleocharis tuberculosa"
"ELNY","","Ellisia nyctelea"
"ELNU2","","Elodea nuttallii"
"ELHY","","Elymus hystrix"
"ELTR7","","Elymus trachycaulus"
"ELTRS","","Elymus trachycaulus ssp. subsecundus"
"ELTRT","","Elymus trachycaulus ssp. trachycaulus"
"ELTRT","AGTR","Agropyron trachycaulum"
"ELVI","","Elymus villosus"
"ELWI","","Elymus wiegandii"
"EPRE2","","Epigaea repens"
"EPCI","","Epilobium ciliatum"
"EPLE2","","Epilobium leptophyllum"
"EPPA","","Epilobium palustre"
"EPST","","Epilobium strictum"
"EQFE","","Equisetum ×ferrissii"
"EQFL","","Equisetum fluviatile"
"EQHYA","","Equisetum hyemale var. affine"
"EQHYA","EQHYA2","Equisetum hyemale ssp. affine"
"EQPA","","Equisetum palustre"
"EQPR","","Equisetum pratense"
"EQSC","","Equisetum scirpoides"
"EQSY","","Equisetum sylvaticum"
"EQVA","","Equisetum variegatum"
"ERCA","","Eragrostis capillaris"
"ERFR","","Eragrostis frankii"
"ERHY","","Eragrostis hypnoides"
"ERHIM2","","Erechtites hieraciifolius var. megalocarpus"
"ERAQ2","","Eriocaulon aquaticum"
"ERAQ2","ERSE4","Eriocaulon septangulare"
"ERPA4","","Eriocaulon parkeri"
"ERGR8","","Eriophorum gracile"
"ERTE12","","Eriophorum tenellum"
"ERVAS","","Eriophorum vaginatum var. spissum"
"ERVAS","ERSP8","Eriophorum spissum"
"ERVI8","","Eriophorum virginicum"
"ERVI9","","Eriophorum viridicarinatum"
"ERAM5","","Erythronium americanum"
"EURA14","","Eubotrys racemosus"
"EURA14","LERA4","Leucothoe racemosa"
"EUAT5","","Euonymus atropurpureus"
"EUCA5","","Eupatorium capillifolium"
"EUHY","","Eupatorium hyssopifolium"
"EUNO","","Eupatorium novae-angliae"
"EUNO","EULEN","Eupatorium leucolepis var. novae-angliae"
"EUPEC","","Eupatorium perfoliatum var. colpophilum"
"EURO4","","Eupatorium rotundifolium"
"EUROO","","Eupatorium rotundifolium var. ovatum"
"EUROO","EUPU11","Eupatorium pubescens"
"EUSE2","","Eupatorium serotinum"
"EUSE3","","Eupatorium sessilifolium"
"EUDE4","","Euphorbia dentata"
"EUNE3","","Euphrasia nemorosa"
"EUMA27","","Eurybia macrophylla"
"EUMA27","ASMA2","Aster macrophyllus"
"EURA10","","Eurybia radula"
"EURA10","ASRA8","Aster radula"
"EUSC5","","Eurybia schreberi"
"EUSC5","ASSC2","Aster schreberi"
"EUSP3","","Eurybia spectabilis"
"EUSP3","ASSP11","Aster spectabilis"
"EUCA26","","Euthamia caroliniana"
"EUCA26","EUTE7","Euthamia tenuifolia"
"EUDU6","","Eutrochium dubium"
"EUDU6","EUDU","Eupatorium dubium"
"EUFI14","","Eutrochium fistulosum"
"EUFI14","EUFI","Eupatorium fistulosum"
"EUMA9","","Eutrochium maculatum"
"EUMA9","EUMA6","Eupatorium maculatum"
"FERUR2","","Festuca rubra ssp. rubra"
"FERUR2","FEPR2","Festuca prolifera"
"FERUR2","FERUP","Festuca rubra var. prolifera"
"FIRU2","","Filipendula rubra"
"FIAU2","","Fimbristylis autumnalis"
"FLPR","","Floerkea proserpinacoides"
"FRVEA2","","Fragaria vesca ssp. americana"
"FRVEA2","FRVEA4","Fragaria vesca var. americana"
"FRNI","","Fraxinus nigra"
"FRGR3","","Froelichia gracilis"
"FUPU","","Fuirena pumila"
"GASP5","","Galearis spectabilis"
"GAAS2","","Galium asprellum"
"GABO2","","Galium boreale"
"GABR6","","Galium brevipes"
"GALA2","","Galium labradoricum"
"GALA3","","Galium lanceolatum"
"GAOB","","Galium obtusum"
"GAOBO","","Galium obtusum ssp. obtusum"
"GAPA3","","Galium palustre"
"GAPI2","","Galium pilosum"
"GATR2","","Galium trifidum"
"GAPU3","","Gamochaeta purpurea"
"GAPU3","GNPU2","Gnaphalium purpureum"
"GAHI2","","Gaultheria hispidula"
"GAPR2","","Gaultheria procumbens"
"GABA","","Gaylussacia baccata"
"GADU","","Gaylussacia dumosa"
"GADU","GADUB","Gaylussacia dumosa var. bigeloviana"
"GEAN","","Gentiana andrewsii"
"GECL","","Gentiana clausa"
"GELI3","","Gentiana linearis"
"GEQU2","","Gentianella quinquefolia"
"GEQUQ","","Gentianella quinquefolia ssp. quinquefolia"
"GEQUQ","GEQU3","Gentiana quinquefolia"
"GECR2","","Gentianopsis crinita"
"GECR2","GECR3","Gentiana crinita"
"GEBI2","","Geranium bicknellii"
"GECAC4","","Geranium carolinianum var. carolinianum"
"GECAC4","GECAC","Geranium carolinianum var. confertiflorum"
"GECAS","","Geranium carolinianum var. sphaerospermum"
"GERO","","Geranium robertianum"
"GEAL3","","Geum aleppicum"
"GELA","","Geum laciniatum"
"GERI2","","Geum rivale"
"GEVE","","Geum vernum"
"GEVI4","","Geum virginianum"
"GITR6","","Gillenia trifoliata"
"GLMA","","Glaux maritima"
"GLAC","","Glyceria acutiflora"
"GLBO","","Glyceria borealis"
"GLGR","","Glyceria grandis"
"GLLA","","Glyceria laxa"
"GLOB","","Glyceria obtusa"
"GOPU","","Goodyera pubescens"
"GORE2","","Goodyera repens"
"GORE2","GOREO2","Goodyera repens var. ophioides"
"GOTE","","Goodyera tesselata"
"GOHI","","Gossypium hirsutum"
"GRAU","","Gratiola aurea"
"GYDR","","Gymnocarpium dryopteris"
"GYJE","","Gymnocarpium jessoense"
"GYDI","","Gymnocladus dioicus"
"HAVI2","","Hackelia virginiana"
"HADE2","","Halenia deflexa"
"HASU3","","Hasteola suaveolens"
"HASU3","CASU","Cacalia suaveolens"
"HASU3","SYSU","Synosma suaveolens"
"HEHI","","Hedeoma hispida"
"HEPU","","Hedeoma pulegioides"
"HEBI2","","Helianthemum bicknellii"
"HECA3","","Helianthemum canadense"
"HEDU","","Helianthemum dumosum"
"HEPR","","Helianthemum propinquum"
"HEAN3","","Helianthus annuus"
"HEDI2","","Helianthus divaricatus"
"HEGI","","Helianthus giganteus"
"HEMO2","","Helianthus mollis"
"HEST","","Helianthus strumosus"
"HENO2","","Hepatica nobilis"
"HENOA","","Hepatica nobilis var. acuta"
"HENOA","HEAC4","Hepatica acutiloba"
"HENOO","","Hepatica nobilis var. obtusa"
"HENOO","HEAM8","Hepatica americana"
"HEMA80","","Heracleum maximum"
"HEMA80","HELA4","Heracleum lanatum"
"HEDU2","","Heteranthera dubia"
"HEDU2","ZODU","Zosterella dubia"
"HIGR3","","Hieracium gronovii"
"HIKA2","","Hieracium kalmii"
"HISC","","Hieracium scabrum"
"HIUM","","Hieracium umbellatum"
"HIVE","","Hieracium venosum"
"HIOD","","Hierochloe odorata"
"HIVU2","","Hippuris vulgaris"
"HOPE","","Honckenya peploides"
"HOPER2","","Honckenya peploides ssp. robusta"
"HOPER2","HOPER4","Honckenya peploides var. robusta"
"HOPU","","Hordeum pusillum"
"HOIN","","Hottonia inflata"
"HOLO","","Houstonia longifolia"
"HOLO","HELO7","Hedyotis longifolia"
"HOPUC","","Houstonia purpurea var. calycosa"
"HUER","","Hudsonia ericoides"
"HUTO","","Hudsonia tomentosa"
"HUAP","","Huperzia appalachiana"
"HULU2","","Huperzia lucidula"
"HUSE","","Huperzia selago"
"HUSES","","Huperzia selago var. selago"
"HUSES","LYSE","Lycopodium selago"
"HYAR","","Hydrangea arborescens"
"HYCA","","Hydrastis canadensis"
"HYAM","","Hydrocotyle americana"
"HYUM","","Hydrocotyle umbellata"
"HYVE2","","Hydrocotyle verticillata"
"HYCA3","","Hydrophyllum canadense"
"HYVI","","Hydrophyllum virginianum"
"HYAD","","Hypericum adpressum"
"HYAS80","","Hypericum ascyron"
"HYAS80","HYPY","Hypericum pyramidatum"
"HYBO2","","Hypericum boreale"
"HYCA7","","Hypericum canadense"
"HYDE","","Hypericum densiflorum"
"HYEL","","Hypericum ellipticum"
"HYFR","","Hypericum frondosum"
"HYGE","","Hypericum gentianoides"
"HYHYM","","Hypericum hypericoides ssp. multicaule"
"HYMA2","","Hypericum majus"
"HYPR","","Hypericum prolificum"
"HYHI2","","Hypoxis hirsuta"
"ILGL","","Ilex glabra"
"ILLA","","Ilex laevigata"
"ILMO","","Ilex montana"
"ILOP","","Ilex opaca"
"ILVE","","Ilex verticillata"
"IMPA","","Impatiens pallida"
"IOLI2","","Ionactis linariifolius"
"IOLI2","ASLI2","Aster linariifolius"
"IPPA","","Ipomoea pandurata"
"IRCR","","Iris cristata"
"IRPR","","Iris prismatica"
"ISAC","","Isoetes acadiensis"
"ISEN","","Isoetes engelmannii"
"ISLA","","Isoetes lacustris"
"ISMA","","Isoetes macrospora"
"ISRI","","Isoetes riparia"
"ISTE5","","Isoetes tenella"
"ISTE5","ISEC","Isoetes echinospora"
"ISTU","","Isoetes tuckermanii"
"ISME2","","Isotria medeoloides"
"ISVE","","Isotria verticillata"
"IVFR","","Iva frutescens"
"IVFRO2","","Iva frutescens ssp. oraria"
"JUCI","","Juglans cinerea"
"JUAL4","","Juncus alpinoarticulatus"
"JUALN","","Juncus alpinoarticulatus ssp. nodulosus"
"JUALN","JUAL","Juncus alpinus"
"JUAM3","","Juncus ambiguus"
"JUARL","","Juncus arcticus ssp. littoralis"
"JUARL","JUBA","Juncus balticus"
"JUARL","JUBAL","Juncus balticus var. littoralis"
"JUAR4","","Juncus articulatus"
"JUBI","","Juncus biflorus"
"JUBI","JUMAB","Juncus marginatus var. biflorus"
"JUBR","","Juncus brachycarpus"
"JUBR2","","Juncus brachycephalus"
"JUDE","","Juncus debilis"
"JUDI","","Juncus dichotomus"
"JUDI","JUPL2","Juncus platyphyllus"
"JUDU2","","Juncus dudleyi"
"JUFI","","Juncus filiformis"
"JUGR","","Juncus greenei"
"JUMI2","","Juncus militaris"
"JUPE","","Juncus pelocarpus"
"JUSE","","Juncus secundus"
"JUSU","","Juncus subcaudatus"
"JUTO","","Juncus torreyi"
"JUCO6","","Juniperus communis"
"JUCOD","","Juniperus communis var. depressa"
"JUHO2","","Juniperus horizontalis"
"KAAN","","Kalmia angustifolia"
"KALA","","Kalmia latifolia"
"KAPO","","Kalmia polifolia"
"KRBI","","Krigia biflora"
"KRVI","","Krigia virginica"
"LACA5","","Lachnanthes caroliana"
"LAFL","","Lactuca floridana"
"LAHI","","Lactuca hirsuta"
"LAPU12","","Landoltia punctata"
"LAPU12","SPOL2","Spirodela oligorrhiza"
"LALA","","Larix laricina"
"LAJA","","Lathyrus japonicus"
"LAJAM","","Lathyrus japonicus var. maritimus"
"LAJAM","LAJAG","Lathyrus japonicus var. glaber"
"LAJAM","LAMA3","Lathyrus maritimus"
"LAJAM","LAMAG2","Lathyrus maritimus var. glaber"
"LAPA4","","Lathyrus palustris"
"LEIN","","Lechea intermedia"
"LEMI","","Lechea minor"
"LEMU3","","Lechea mucronata"
"LEMU3","LEVI","Lechea villosa"
"LEPU4","","Lechea pulchella"
"LEPUM","","Lechea pulchella var. moniliformis"
"LETE","","Lechea tenuifolia"
"LEGR","","Ledum groenlandicum"
"LEMI6","","Lemna minuta"
"LEMI6","LEMI10","Lemna minima"
"LEPE","","Lemna perpusilla"
"LETR","","Lemna trisulca"
"LEVA","","Lemna valdiviana"
"LEFUF","","Leptochloa fusca ssp. fascicularis"
"LEFUF","DIMA10","Diplachne maritima"
"LEFUF","LEFAM","Leptochloa fascicularis var. maritima"
"LEAN","","Lespedeza angustifolia"
"LECA8","","Lespedeza capitata"
"LEHI2","","Lespedeza hirta"
"LENU","","Lespedeza ×nuttallii"
"LEPR","","Lespedeza procumbens"
"LEST5","","Lespedeza stuevei"
"LEVI6","","Lespedeza violacea"
"LEVI7","","Lespedeza virginica"
"LEMO8","","Leymus mollis"
"LIPY","","Liatris pycnostachya"
"LISC2","","Liatris scariosa"
"LISCN2","","Liatris scariosa var. novae-angliae"
"LISCN2","LIBO6","Liatris borealis"
"LISC3","","Ligusticum scoticum"
"LICH","","Lilaeopsis chinensis"
"LICA3","","Lilium canadense"
"LIPH","","Lilium philadelphicum"
"LISU","","Lilium superbum"
"LICA17","","Limonium carolinianum"
"LIAU6","","Limosella australis"
"LIAU6","LISU2","Limosella subulata"
"LIBE3","","Lindera benzoin"
"LIDUA","","Lindernia dubia var. anagallidea"
"LIDUA","LIAN2","Lindernia anagallidea"
"LIBO3","","Linnaea borealis"
"LIBOA","","Linnaea borealis ssp. americana"
"LIBOA","LIBOA2","Linnaea borealis var. americana"
"LIIN","","Linum intercursum"
"LIMET","","Linum medium var. texanum"
"LIST","","Linum striatum"
"LISU4","","Linum sulcatum"
"LIVI","","Linum virginianum"
"LILI3","","Liparis liliifolia"
"LILO","","Liparis loeselii"
"LIMI12","","Lipocarpha micrantha"
"LIMI12","HEMI5","Hemicarpha micrantha"
"LIST2","","Liquidambar styraciflua"
"LICO6","","Listera cordata"
"LILA2","","Lithospermum latifolium"
"LOCA2","","Lobelia cardinalis"
"LOCA2","LOCAG2","Lobelia cardinalis ssp. graminea"
"LODO","","Lobelia dortmanna"
"LOKA","","Lobelia kalmii"
"LOSI","","Lobelia siphilitica"
"LOCA7","","Lonicera canadensis"
"LODI2","","Lonicera dioica"
"LODI2","LODIG","Lonicera dioica var. glaucescens"
"LODI2","LODIO","Lonicera dioica var. orientalis"
"LOHI","","Lonicera hirsuta"
"LORE5","","Lonicera reticulata"
"LORE5","LOPR2","Lonicera prolifera"
"LOSE","","Lonicera sempervirens"
"LOVI","","Lonicera villosa"
"LUPO","","Ludwigia polycarpa"
"LUSP","","Ludwigia sphaerocarpa"
"LUPE3","","Lupinus perennis"
"LUAC","","Luzula acuminata"
"LUBU","","Luzula bulbosa"
"LUPA4","","Luzula parviflora"
"LUPA4","LUPAM3","Luzula parviflora ssp. melanocarpa"
"LYAL5","","Lycopodiella alopecuroides"
"LYAL5","LYAL2","Lycopodium alopecuroides"
"LYAP4","","Lycopodiella appressa"
"LYCA5","","Lycopodiella caroliniana"
"LYIN2","","Lycopodiella inundata"
"LYIN2","LYIN","Lycopodium inundatum"
"LYAN2","","Lycopodium annotinum"
"LYCL","","Lycopodium clavatum"
"LYDE","","Lycopodium dendroideum"
"LYDI3","","Lycopodium digitatum"
"LYHI2","","Lycopodium hickeyi"
"LYOB","","Lycopodium obscurum"
"LYTR","","Lycopodium tristachyum"
"LYAM2","","Lycopus amplectens"
"LYRU","","Lycopus rubellus"
"LYVI4","","Lycopus virginicus"
"LYPA3","","Lygodium palmatum"
"LYLI","","Lyonia ligustrina"
"LYHY","","Lysimachia hybrida"
"LYQU","","Lysimachia quadriflora"
"LYTE2","","Lysimachia terrestris"
"LYTH2","","Lysimachia thyrsiflora"
"LYAL4","","Lythrum alatum"
"MAAC","","Magnolia acuminata"
"MATR","","Magnolia tripetala"
"MAVI2","","Magnolia virginiana"
"MACA4","","Maianthemum canadense"
"MACA4","MACAI","Maianthemum canadense var. interius"
"MARAR","","Maianthemum racemosum ssp. racemosum"
"MAST4","","Maianthemum stellatum"
"MAST4","SMST","Smilacina stellata"
"MATR4","","Maianthemum trifolium"
"MATR4","SMTR","Smilacina trifolia"
"MABA6","","Malaxis bayardii"
"MABR5","","Malaxis brachypoda"
"MABR5","MAMOB2","Malaxis monophyllos ssp. brachypoda"
"MABR5","MAMOB","Malaxis monophyllos var. brachypoda"
"MAUN","","Malaxis unifolia"
"MAQU","","Marsilea quadrifolia"
"MAST","","Matteuccia struthiopteris"
"MAST","MASTP","Matteuccia struthiopteris var. pensylvanica"
"MEVI","","Medeola virginiana"
"MELI2","","Melampyrum lineare"
"MELIL2","","Melampyrum lineare var. latifolium"
"MELIP2","","Melampyrum lineare var. pectinatum"
"METR3","","Menyanthes trifoliata"
"MEMA3","","Mertensia maritima"
"MEVI3","","Mertensia virginica"
"MISC","","Mikania scandens"
"MIEF","","Milium effusum"
"MIAL2","","Mimulus alatus"
"MIMO3","","Mimulus moschatus"
"MIMI2","","Minuartia michauxii"
"MIMIM","","Minuartia michauxii var. michauxii"
"MIMIM","ARST8","Arenaria stricta"
"MIAL4","","Mirabilis albida"
"MIHI","","Mirabilis hirsuta"
"MINY","","Mirabilis nyctaginea"
"MIRE","","Mitchella repens"
"MINU3","","Mitella nuda"
"MOLA6","","Moehringia lateriflora"
"MOMA3","","Moehringia macrophylla"
"MOMA3","ARMA18","Arenaria macrophylla"
"MOCL","","Monarda clinopodia"
"MODI","","Monarda didyma"
"MOFI","","Monarda fistulosa"
"MOPU","","Monarda punctata"
"MOUN2","","Moneses uniflora"
"MOHY3","","Monotropa hypopitys"
"MOCA7","","Morella caroliniensis"
"MOCA7","MYHE","Myrica heterophylla"
"MOPE6","","Morella pensylvanica"
"MOPE6","MYPE7","Myrica pensylvanica"
"MORU2","","Morus rubra"
"MUCA2","","Muhlenbergia capillaris"
"MUGL3","","Muhlenbergia glomerata"
"MUSC","","Muhlenbergia schreberi"
"MUSO","","Muhlenbergia sobolifera"
"MUUN","","Muhlenbergia uniflora"
"MYLA","","Myosotis laxa"
"MYGA","","Myrica gale"
"MYAL3","","Myriophyllum alterniflorum"
"MYFA2","","Myriophyllum farwellii"
"MYHE2","","Myriophyllum heterophyllum"
"MYPI","","Myriophyllum pinnatum"
"MYSI","","Myriophyllum sibiricum"
"MYSI","MYEX","Myriophyllum exalbescens"
"MYTE","","Myriophyllum tenellum"
"MYVE3","","Myriophyllum verticillatum"
"NAGR","","Najas gracillima"
"NAGU","","Najas guadalupensis"
"NAGUO2","","Najas guadalupensis ssp. olivacea"
"NAGUO2","NAGUO","Najas guadalupensis var. olivacea"
"NELU","","Nelumbo lutea"
"NEAQ2","","Neobeckia aquatica"
"NEAQ2","ARAQ","Armoracia aquatica"
"NEAQ2","ARLA22","Armoracia lacustris"
"NEAQ2","ROAQ","Rorippa aquatica"
"NULUA","","Nuphar lutea ssp. advena"
"NULUA","NUAD2","Nuphar advena"
"NULUP2","","Nuphar lutea ssp. pumila"
"NULUP2","NUMI4","Nuphar microphylla"
"NULUP2","NUPU2","Nuphar pumila"
"NULUV","","Nuphar lutea ssp. variegata"
"NULUV","NUVA2","Nuphar variegata"
"NUCA","","Nuttallanthus canadensis"
"NUCA","LICA6","Linaria canadensis"
"NYOD","","Nymphaea odorata"
"NYODT","","Nymphaea odorata ssp. tuberosa"
"NYCO","","Nymphoides cordata"
"OCAC","","Oclemena acuminata"
"OCAC","ASAC6","Aster acuminatus"
"OCBL","","Oclemena ×blakei"
"OCBL","ASBL7","Aster blakei"
"OCNE2","","Oclemena nemoralis"
"OCNE2","ASNE","Aster nemoralis"
"OEFR","","Oenothera fruticosa"
"OELA","","Oenothera laciniata"
"OEOA","","Oenothera oakesiana"
"OEOA","OEPAO","Oenothera parviflora var. oakesiana"
"OEPA5","","Oenothera parviflora"
"OEPE","","Oenothera perennis"
"OLAL2","","Oligoneuron album"
"OLAL2","ASPT4","Aster ptarmicoides"
"OLAL2","SOPT4","Solidago ptarmicoides"
"OLRIR","","Oligoneuron rigidum var. rigidum"
"OLRIR","SORI2","Solidago rigida"
"ONVI2","","Onosmodium virginianum"
"OPPU3","","Ophioglossum pusillum"
"OPPU3","OPVU3","Ophioglossum vulgatum"
"OPVU","","Ophioglossum vulgatum"
"OPVU","OPPY3","Ophioglossum pycnostichum"
"OPVU","OPVUP2","Ophioglossum vulgatum var. pycnostichum"
"OPHU","","Opuntia humifusa"
"ORAQ","","Orontium aquaticum"
"ORSE","","Orthilia secunda"
"ORSE","PYSE","Pyrola secunda"
"ORAS","","Oryzopsis asperifolia"
"OSLO","","Osmorhiza longistylis"
"OSCI","","Osmunda cinnamomea"
"OSCL2","","Osmunda claytoniana"
"OSRE","","Osmunda regalis"
"OXMO","","Oxalis montana"
"OXVI","","Oxalis violacea"
"PAPA20","","Packera paupercula"
"PAPA20","SEPA5","Senecio pauperculus"
"PAQU","","Panax quinquefolius"
"PAAM2","","Panicum amarum"
"PAAMA2","","Panicum amarum var. amarulum"
"PAFL2","","Panicum flexile"
"PAGA","","Panicum gattingeri"
"PAGA","PAPHG","Panicum philadelphicum ssp. gattingeri"
"PAPH","","Panicum philadelphicum"
"PAPH","PATU","Panicum tuckermanii"
"PARI4","","Panicum rigidulum"
"PARIP","","Panicum rigidulum var. pubescens"
"PARIP","PALO","Panicum longifolium"
"PAVE2","","Panicum verrucosum"
"PAPE5","","Parietaria pensylvanica"
"PAGL3","","Parnassia glauca"
"PAAR4","","Paronychia argyrocoma"
"PAAR4","PAARA","Paronychia argyrocoma var. albimontana"
"PACA11","","Paronychia canadensis"
"PAFA3","","Paronychia fastigiata"
"PAIN3","","Parthenium integrifolium"
"PALA10","","Paspalum laeve"
"PALA10","PALAC","Paspalum laeve var. circulare"
"PALA10","PALAP","Paspalum laeve var. pilosum"
"PASE5","","Paspalum setaceum"
"PASE5","PASEP","Paspalum setaceum var. psammophilum"
"PARA2","","Patis racemosa"
"PARA2","ORRA2","Oryzopsis racemosa"
"PELA2","","Pedicularis lanceolata"
"PEAT2","","Pellaea atropurpurea"
"PEVI","","Peltandra virginica"
"PECA7","","Penstemon calycosus"
"PEDI","","Penstemon digitalis"
"PEGR7","","Penstemon grandiflorus"
"PEHI","","Penstemon hirsutus"
"PELA8","","Penstemon laevigatus"
"PEPA7","","Penstemon pallidus"
"PEPA7","PEBR10","Penstemon brevisepalus"
"PETU","","Penstemon tubaeflorus"
"PESE6","","Penthorum sedoides"
"PEFRP","","Petasites frigidus var. palmatus"
"PHAR3","","Phalaris arundinacea"
"PHCO24","","Phegopteris connectilis"
"PHCO24","THPH","Thelypteris phegopteris"
"PHHE11","","Phegopteris hexagonoptera"
"PHIN5","","Philadelphus inodorus"
"PHPU4","","Philadelphus pubescens"
"PHLA13","","Phlox latifolia"
"PHLA13","PHOV","Phlox ovata"
"PHSU3","","Phlox subulata"
"PHAU7","","Phragmites australis"
"PHAU7","PHCO15","Phragmites communis"
"PHLE5","","Phryma leptostachya"
"PHLO4","","Physalis longifolia"
"PHPUI","","Physalis pubescens var. integrifolia"
"PHPUI","PHPR7","Physalis pruinosa"
"PHVI5","","Physalis virginiana"
"PHOP","","Physocarpus opulifolius"
"PHVI8","","Physostegia virginiana"
"PIMA","","Picea mariana"
"PIRU","","Picea rubens"
"PIHI","","Picris hieracioides"
"PIBA2","","Pinus banksiana"
"PIRE","","Pinus resinosa"
"PIST","","Pinus strobus"
"PIPU9","","Piptatheropsis pungens"
"PIPU9","ORPU4","Oryzopsis pungens"
"PIAV","","Piptochaetium avenaceum"
"PIAV","STAV","Stipa avenacea"
"PIFA","","Pityopsis falcata"
"PIFA","CHFA5","Chrysopsis falcata"
"PLAR3","","Plantago aristata"
"PLMAJ","","Plantago maritima var. juncoides"
"PLMAJ","PLMAJ2","Plantago maritima ssp. juncoides"
"PLPA2","","Plantago patagonica"
"PLPU","","Plantago pusilla"
"PLVI","","Plantago virginica"
"PLAQ2","","Platanthera aquilonis"
"PLBL","","Platanthera blephariglottis"
"PLCI2","","Platanthera ciliaris"
"PLCL","","Platanthera clavellata"
"PLCR","","Platanthera cristata"
"PLDI3","","Platanthera dilatata"
"PLFL","","Platanthera flava"
"PLFLH","","Platanthera flava var. herbiola"
"PLGR2","","Platanthera grandiflora"
"PLHO3","","Platanthera hookeri"
"PLHU2","","Platanthera huronensis"
"PLLA2","","Platanthera lacera"
"PLMA9","","Platanthera macrophylla"
"PLMA9","PLORM","Platanthera orbiculata var. macrophylla"
"PLOB","","Platanthera obtusata"
"PLOR4","","Platanthera orbiculata"
"PLPS2","","Platanthera psycodes"
"PLOC","","Platanus occidentalis"
"PLOD","","Pluchea odorata"
"POAL3","","Poa alsodes"
"POPA2","","Poa palustris"
"POSA","","Poa saltuensis"
"POSA","POLA2","Poa languida"
"POPE","","Podophyllum peltatum"
"POCE3","","Podostemum ceratophyllum"
"POOP","","Pogonia ophioglossoides"
"PODO3","","Polanisia dodecandra"
"PORE2","","Polemonium reptans"
"POCR","","Polygala cruciata"
"PONU2","","Polygala nuttallii"
"POPA5","","Polygala paucifolia"
"POPO","","Polygala polygama"
"POSE3","","Polygala senega"
"POVE","","Polygala verticillata"
"POBIC","","Polygonatum biflorum var. commutatum"
"POPU4","","Polygonatum pubescens"
"POAR4","","Polygonella articulata"
"POAME","","Polygonum amphibium var. emersum"
"POAR6","","Polygonum arifolium"
"POBU2","","Polygonum buxiforme"
"POCA8","","Polygonum careyi"
"POCI","","Polygonum cilinode"
"POER2","","Polygonum erectum"
"POGL7","","Polygonum glaucum"
"POHY2","","Polygonum hydropiperoides"
"POHY2","POHYO","Polygonum hydropiperoides var. opelousanum"
"PORA3","","Polygonum ramosissimum"
"PORAP","","Polygonum ramosissimum var. prolificum"
"PORAP","POPR10","Polygonum prolificum"
"PORAR","","Polygonum ramosissimum var. ramosissimum"
"PORAR","POEX4","Polygonum exsertum"
"PORO","","Polygonum robustius"
"POSE6","","Polygonum setaceum"
"POSE6","PESE15","Persicaria setacea"
"POSE6","POHYS2","Polygonum hydropiperoides var. setaceum"
"POSE6","POSEI","Polygonum setaceum var. interjectum"
"POTE2","","Polygonum tenue"
"POVI7","","Polypodium virginianum"
"POAC4","","Polystichum acrostichoides"
"POBR4","","Polystichum braunii"
"POCO14","","Pontederia cordata"
"POBA2","","Populus balsamifera"
"POGR4","","Populus grandidentata"
"POHE4","","Populus heterophylla"
"POOL","","Portulaca oleracea"
"POAL8","","Potamogeton alpinus"
"POAM5","","Potamogeton amplifolius"
"POBI9","","Potamogeton bicupulatus"
"POCO12","","Potamogeton confervoides"
"POEP2","","Potamogeton epihydrus"
"POFO3","","Potamogeton foliosus"
"POFR3","","Potamogeton friesii"
"POGR8","","Potamogeton gramineus"
"POHI4","","Potamogeton hillii"
"POIL","","Potamogeton illinoensis"
"POOA","","Potamogeton oakesianus"
"POOB2","","Potamogeton obtusifolius"
"POOG","","Potamogeton ogdenii"
"POPE7","","Potamogeton perfoliatus"
"POPR5","","Potamogeton praelongus"
"POPU6","","Potamogeton pulcher"
"POPU7","","Potamogeton pusillus"
"POPUG4","","Potamogeton pusillus ssp. gemmiparus"
"POPUG4","POPUG","Potamogeton pusillus var. gemmiparus"
"PORI2","","Potamogeton richardsonii"
"PORO2","","Potamogeton robbinsii"
"POSP3","","Potamogeton spirillus"
"POST2","","Potamogeton strictifolius"
"POVA3","","Potamogeton vaseyi"
"POZO","","Potamogeton zosteriformis"
"POAR7","","Potentilla arguta"
"PORI3","","Potentilla rivalis"
"PORI3","POMI6","Potentilla millegrana"
"PRAL2","","Prenanthes alba"
"PRSE","","Prenanthes serpentaria"
"PRSE","NASE3","Nabalus serpentarius"
"PRTR","","Prenanthes trifoliolata"
"PRLO","","Proboscidea louisianica"
"PRPE","","Proserpinaca pectinata"
"PRAL5","","Prunus alleghaniensis"
"PRAM","","Prunus americana"
"PRMA2","","Prunus maritima"
"PRNI","","Prunus nigra"
"PRPE2","","Prunus pensylvanica"
"PRPU3","","Prunus pumila"
"PRPUD","","Prunus pumila var. depressa"
"PRSU3","","Prunus susquehanae"
"PRSU3","PRPUC","Prunus pumila var. cuneata"
"PRVI","","Prunus virginiana"
"PSHE4","","Pseudognaphalium helleri"
"PSHEM","","Pseudognaphalium helleri ssp. micradenium"
"PSHEM","GNHEM","Gnaphalium helleri var. micradenium"
"PSMA11","","Pseudognaphalium macounii"
"PSMA11","GNMA","Gnaphalium macounii"
"PTTR","","Ptelea trifoliata"
"PTAQP","","Pteridium aquilinum var. pseudocaudatum"
"PTCA","","Ptilimnium capillaceum"
"PUPU3","","Puccinellia pumila"
"PYCL","","Pycnanthemum clinopodioides"
"PYIN","","Pycnanthemum incanum"
"PYMU","","Pycnanthemum muticum"
"PYVE","","Pycnanthemum verticillatum"
"PYVEP","","Pycnanthemum verticillatum var. pilosum"
"PYVEP","PYPI","Pycnanthemum pilosum"
"PYVEV","","Pycnanthemum verticillatum var. verticillatum"
"PYVI","","Pycnanthemum virginianum"
"PYAM","","Pyrola americana"
"PYAM","PYROA","Pyrola rotundifolia var. americana"
"PYAS","","Pyrola asarifolia"
"PYASA","","Pyrola asarifolia ssp. asarifolia"
"PYASA","PYASP","Pyrola asarifolia var. purpurea"
"PYCH","","Pyrola chlorantha"
"PYCH","PYVI3","Pyrola virens"
"QUBI","","Quercus bicolor"
"QUCO2","","Quercus coccinea"
"QUIL","","Quercus ilicifolia"
"QUIM","","Quercus imbricaria"
"QUMA2","","Quercus macrocarpa"
"QUMO4","","Quercus montana"
"QUMU","","Quercus muehlenbergii"
"QUMU","QUPR5","Quercus prinoides"
"QUPR","","Quercus prinoides"
"QUST","","Quercus stellata"
"RAAC3","","Ranunculus acris"
"RAAL2","","Ranunculus allegheniensis"
"RAAM","","Ranunculus ambigens"
"RACY","","Ranunculus cymbalaria"
"RAFA","","Ranunculus fascicularis"
"RAFL","","Ranunculus flabellaris"
"RAFL2","","Ranunculus flammula"
"RAFLF","","Ranunculus flammula var. filiformis"
"RAFLF","RARE80","Ranunculus reptans"
"RAHIH","","Ranunculus hispidus var. hispidus"
"RALO2","","Ranunculus longirostris"
"RALO2","RASU","Ranunculus subrigidus"
"RAMI2","","Ranunculus micranthus"
"RAPE2","","Ranunculus pensylvanicus"
"RARH","","Ranunculus rhomboideus"
"RASC3","","Ranunculus sceleratus"
"RATR","","Ranunculus trichophyllus"
"RATRT","","Ranunculus trichophyllus var. trichophyllus"
"RATRT","RATRC2","Ranunculus trichophyllus var. calvescens"
"RAPI","","Ratibida pinnata"
"RHAL","","Rhamnus alnifolia"
"RHMA","","Rhexia mariana"
"RHMAM2","","Rhexia mariana var. mariana"
"RHVI","","Rhexia virginica"
"RHCA6","","Rhododendron canadense"
"RHMA4","","Rhododendron maximum"
"RHPE4","","Rhododendron periclymenoides"
"RHPE4","RHNU3","Rhododendron nudiflorum"
"RHPR","","Rhododendron prinophyllum"
"RHVI2","","Rhododendron viscosum"
"RHAR4","","Rhus aromatica"
"RHAL3","","Rhynchospora alba"
"RHCA11","","Rhynchospora capillacea"
"RHFU","","Rhynchospora fusca"
"RHIN7","","Rhynchospora inundata"
"RHMA6","","Rhynchospora macrostachya"
"RHNI","","Rhynchospora nitens"
"RHNI","PSNI","Psilocarya nitens"
"RHSC5","","Rhynchospora scirpoides"
"RHSC5","PSSC2","Psilocarya scirpoides"
"RHTO4","","Rhynchospora torreyana"
"RIAM2","","Ribes americanum"
"RIAUV","","Ribes aureum var. villosum"
"RIAUV","RIOD","Ribes odoratum"
"RIGL","","Ribes glandulosum"
"RIHI","","Ribes hirtellum"
"RILA","","Ribes lacustre"
"RIRO2","","Ribes rotundifolium"
"RITR","","Ribes triste"
"ROPS","","Robinia pseudoacacia"
"ROAC","","Rosa acicularis"
"ROACS","","Rosa acicularis ssp. sayi"
"ROAR3","","Rosa arkansana"
"ROBL","","Rosa blanda"
"RONI","","Rosa nitida"
"RORA","","Rotala ramosior"
"RUAL9","","Rubus alumnus"
"RUAR7","","Rubus arenicola"
"RUAR2","","Rubus argutus"
"RUCA16","","Rubus canadensis"
"RUCU","","Rubus cuneifolius"
"RUFL","","Rubus flagellaris"
"RUFL","RUEN","Rubus enslenii"
"RUOD","","Rubus odoratus"
"RUPU","","Rubus pubescens"
"RUSE","","Rubus setosus"
"RUFU2","","Rudbeckia fulgida"
"RUHIH","","Rudbeckia hirta var. hirta"
"RULA3","","Rudbeckia laciniata"
"RUSU","","Rudbeckia subtomentosa"
"RUTR2","","Rudbeckia triloba"
"RUAL4","","Rumex altissimus"
"RUAQF","","Rumex aquaticus var. fenestratus"
"RUAQF","RUOC3","Rumex occidentalis"
"RUHA2","","Rumex hastatulus"
"RUMA4","","Rumex maritimus"
"RUMA4","RUMAF2","Rumex maritimus var. fueginus"
"RUPA4","","Rumex pallidus"
"RUVE3","","Rumex verticillatus"
"RUVE3","RUFL2","Rumex floridanus"
"RUMA5","","Ruppia maritima"
"SAAN","","Sabatia angularis"
"SACA26","","Sabatia campanulata"
"SACA3","","Sabatia campestris"
"SAKE","","Sabatia kennedyana"
"SAST5","","Sabatia stellaris"
"SAST","","Sacciolepis striata"
"SADE","","Sagina decumbens"
"SANO","","Sagina nodosa"
"SACA21","","Sagittaria calycina"
"SACAS","","Sagittaria calycina var. spongiosa"
"SACAS","SAMOS2","Sagittaria montevidensis ssp. spongiosa"
"SACU","","Sagittaria cuneata"
"SAEN","","Sagittaria engelmanniana"
"SAFI2","","Sagittaria filiformis"
"SAFI2","SAST4","Sagittaria stagnorum"
"SAGR","","Sagittaria graminea"
"SALA2","","Sagittaria latifolia"
"SALA2","SALO11","Sagittaria longirostra"
"SARI","","Sagittaria rigida"
"SASU","","Sagittaria subulata"
"SASU","SASUS","Sagittaria subulata var. subulata"
"SATE2","","Sagittaria teres"
"SABI","","Salicornia bigelovii"
"SADE10","","Salicornia depressa"
"SADE10","SAVI","Salicornia virginica"
"SABE2","","Salix bebbiana"
"SACA4","","Salix candida"
"SADI","","Salix discolor"
"SAER","","Salix eriocephala"
"SAER","SACO24","Salix cordata"
"SAIN3","","Salix interior"
"SALU","","Salix lucida"
"SAMY2","","Salix myricoides"
"SAPE2","","Salix pedicellaris"
"SAPE5","","Salix petiolaris"
"SASE","","Salix sericea"
"SASE2","","Salix serissima"
"SARAR3","","Sambucus racemosa var. racemosa"
"SARAR3","SAPU11","Sambucus pubens"
"SARAR3","SARAP","Sambucus racemosa ssp. pubens"
"SARAR3","SARAP5","Sambucus racemosa var. pubens"
"SAVA3","","Samolus valerandi"
"SAVAP","","Samolus valerandi ssp. parviflorus"
"SAVAP","SAPA9","Samolus parviflorus"
"SACA13","","Sanguinaria canadensis"
"SACA14","","Sanguisorba canadensis"
"SACA15","","Sanicula canadensis"
"SAMA2","","Sanicula marilandica"
"SAOD","","Sanicula odorata"
"SAOD","SAGR6","Sanicula gregaria"
"SATR4","","Sanicula trifoliata"
"SAPU4","","Sarracenia purpurea"
"SAPUP6","","Sarracenia purpurea ssp. purpurea var. purpurea"
"SAPUP6","SAPUH","Sarracenia purpurea ssp. heterophylla"
"SAAL5","","Sassafras albidum"
"SACE","","Saururus cernuus"
"SAPE8","","Saxifraga pensylvanica"
"SAPE8","SAFO2","Saxifraga forbesii"
"SAVI5","","Saxifraga virginiensis"
"SCPA2","","Scheuchzeria palustris"
"SCPAA3","","Scheuchzeria palustris ssp. americana"
"SCPU","","Schizachne purpurascens"
"SCLI11","","Schizachyrium littorale"
"SCLI11","SCSCL","Schizachyrium scoparium var. littorale"
"SCHA10","","Schoenoplectiella hallii"
"SCHA10","SCHA","Scirpus hallii"
"SCPU14","","Schoenoplectiella purshiana"
"SCPU14","SCPU4","Scirpus purshianus"
"SCSM3","","Schoenoplectiella smithii"
"SCSM3","SCSM","Scirpus smithii"
"SCACA","","Schoenoplectus acutus var. acutus"
"SCACA","SCAC","Scirpus acutus"
"SCAM6","","Schoenoplectus americanus"
"SCAM6","SCOL","Scirpus olneyi"
"SCHE5","","Schoenoplectus heterochaetus"
"SCHE5","SCHE","Scirpus heterochaetus"
"SCSU10","","Schoenoplectus subterminalis"
"SCSU10","SCSU","Scirpus subterminalis"
"SCTO3","","Schoenoplectus torreyi"
"SCTO3","SCTO","Scirpus torreyi"
"SCAM","","Schwalbea americana"
"SCAN5","","Scirpus ancistrochaetus"
"SCEX","","Scirpus expansus"
"SCGE2","","Scirpus georgianus"
"SCHA3","","Scirpus hattorianus"
"SCLO","","Scirpus longii"
"SCMI2","","Scirpus microcarpus"
"SCPE3","","Scirpus pedicellatus"
"SCPE4","","Scirpus pendulus"
"SCPO2","","Scirpus polyphyllus"
"SCPA5","","Scleria pauciflora"
"SCPAC","","Scleria pauciflora var. caroliniana"
"SCRE","","Scleria reticularis"
"SCTR","","Scleria triglomerata"
"SCTR","SCNI3","Scleria nitida"
"SCUN3","","Sclerolepis uniflora"
"SCLA","","Scrophularia lanceolata"
"SCMA2","","Scrophularia marilandica"
"SCIN2","","Scutellaria integrifolia"
"SCPA7","","Scutellaria parvula"
"SCPAM","","Scutellaria parvula var. missouriensis"
"SCPAM","SCLE","Scutellaria leonardii"
"SEAP","","Selaginella apoda"
"SERU","","Selaginella rupestris"
"SEHE3","","Senna hebecarpa"
"SEHE3","CAHE9","Cassia hebecarpa"
"SEOB4","","Senna obtusifolia"
"SEAS3","","Sericocarpus asteroides"
"SELI5","","Sericocarpus linifolius"
"SELI5","ASSO2","Aster solidagineus"
"SEHE8","","Sesbania herbacea"
"SEHE8","SEEX","Sesbania exaltata"
"SEPA10","","Setaria parviflora"
"SEPA10","SEGE","Setaria geniculata"
"SITR3","","Sibbaldiopsis tridentata"
"SITR3","POTR7","Potentilla tridentata"
"SIAN","","Sicyos angulatus"
"SIHE3","","Sida hermaphrodita"
"SICA6","","Silene caroliniana"
"SICAP","","Silene caroliniana ssp. pensylvanica"
"SICAP","SICAP2","Silene caroliniana var. pensylvanica"
"SINI","","Silene nivea"
"SIST","","Silene stellata"
"SIPE2","","Silphium perfoliatum"
"SIAT","","Sisyrinchium atlanticum"
"SIFU2","","Sisyrinchium fuscatum"
"SIFU2","SIAR2","Sisyrinchium arenicola"
"SIMO2","","Sisyrinchium montanum"
"SIMU3","","Sisyrinchium mucronatum"
"SOCA3","","Solanum carolinense"
"SOPT7","","Solanum ptycanthum"
"SORO","","Solanum rostratum"
"SOAL6","","Solidago altissima"
"SOAR","","Solidago arguta"
"SOARA","","Solidago arguta var. arguta"
"SOARA","SOTA2","Solidago tarda"
"SOCA4","","Solidago caesia"
"SOFL2","","Solidago flexicaulis"
"SOHI","","Solidago hispida"
"SOLA4","","Solidago latissimifolia"
"SOLA4","SOEL2","Solidago elliottii"
"SOMA4","","Solidago macrophylla"
"SOOD","","Solidago odora"
"SOPA2","","Solidago patula"
"SOPU","","Solidago puberula"
"SORUA","","Solidago rugosa ssp. aspera"
"SORUS","","Solidago rugosa ssp. rugosa var. sphagnophila"
"SOSEM","","Solidago sempervirens var. mexicana"
"SOSIR","","Solidago simplex ssp. randii"
"SOSIR3","","Solidago simplex ssp. randii var. randii"
"SOSP2","","Solidago speciosa"
"SOSQ","","Solidago squarrosa"
"SOUL","","Solidago uliginosa"
"SOULL2","","Solidago uliginosa var. linoides"
"SOULL2","SOPU8","Solidago purshii"
"SOUL2","","Solidago ulmifolia"
"SOAM3","","Sorbus americana"
"SODE3","","Sorbus decora"
"SONU2","","Sorghastrum nutans"
"SPAM","","Sparganium americanum"
"SPAN","","Sparganium androcladum"
"SPAN2","","Sparganium angustifolium"
"SPEM2","","Sparganium emersum"
"SPEM2","SPCH","Sparganium chlorocarpum"
"SPEU","","Sparganium eurycarpum"
"SPFL","","Sparganium fluctuans"
"SPNA","","Sparganium natans"
"SPNA","SPMI","Sparganium minimum"
"SPAL","","Spartina alterniflora"
"SPCY","","Spartina cynosuroides"
"SPPA","","Spartina patens"
"SPPE","","Spartina pectinata"
"SPCA3","","Spergularia canadensis"
"SPNI","","Sphenopholis nitida"
"SPOB","","Sphenopholis obtusata"
"SPPE3","","Sphenopholis pensylvanica"
"SPAL2","","Spiraea alba"
"SPALL","","Spiraea alba var. latifolia"
"SPCE","","Spiranthes cernua"
"SPLA4","","Spiranthes lacera"
"SPLAG","","Spiranthes lacera var. gracilis"
"SPLU2","","Spiranthes lucida"
"SPOC","","Spiranthes ochroleuca"
"SPRO","","Spiranthes romanzoffiana"
"SPTU","","Spiranthes tuberosa"
"SPTU","SPTUG","Spiranthes tuberosa var. grayi"
"SPVE","","Spiranthes vernalis"
"SPCL","","Sporobolus clandestinus"
"SPCOC2","","Sporobolus compositus var. compositus"
"SPCOC2","SPAS","Sporobolus asper"
"SPCR","","Sporobolus cryptandrus"
"SPHE","","Sporobolus heterolepis"
"SPNE2","","Sporobolus neglectus"
"STHY3","","Stachys hyssopifolia"
"STHY3","STLY2","Stachys lythroides"
"STPIP5","","Stachys pilosa var. pilosa"
"STPIP5","STPAH","Stachys palustris var. homotricha"
"STTE","","Stachys tenuifolia"
"STTR","","Staphylea trifolia"
"STAL4","","Stellaria alsine"
"STBO3","","Stellaria borealis"
"STLO","","Stellaria longifolia"
"STPU","","Stellaria pubera"
"STAM2","","Streptopus amplexifolius"
"STAMA2","","Streptopus amplexifolius var. amplexifolius"
"STAMA2","STAMA","Streptopus amplexifolius var. americanus"
"STLAL2","","Streptopus lanceolatus var. lanceolatus"
"STLAL2","STROP2","Streptopus roseus var. perspectus"
"STPE15","","Stuckenia pectinata"
"STPE15","POPE6","Potamogeton pectinatus"
"SUCA2","","Suaeda calceoliformis"
"SUCA2","SUAM","Suaeda americana"
"SULI","","Suaeda linearis"
"SUMAR","","Suaeda maritima ssp. richii"
"SYAL","","Symphoricarpos albus"
"SYALA","","Symphoricarpos albus var. albus"
"SYBO2","","Symphyotrichum boreale"
"SYBO2","ASBO7","Aster borealis"
"SYBO2","ASJU","Aster junciformis"
"SYCI","","Symphyotrichum ciliolatum"
"SYCI","ASCI","Aster ciliolatus"
"SYCO3","","Symphyotrichum concolor"
"SYCO3","ASCO2","Aster concolor"
"SYDUD2","","Symphyotrichum dumosum var. dumosum"
"SYDUD2","ASDU","Aster dumosus"
"SYERE","","Symphyotrichum ericoides var. ericoides"
"SYERE","ASER3","Aster ericoides"
"SYLAL3","","Symphyotrichum laeve var. laeve"
"SYLAL3","ASLA5","Aster laevis"
"SYLAL7","","Symphyotrichum lateriflorum var. lateriflorum"
"SYLAL7","ASLAH3","Aster lateriflorus var. hirsuticaulis"
"SYNON","","Symphyotrichum novi-belgii var. novi-belgii"
"SYNON","ASNO2","Aster novi-belgii"
"SYPAP2","","Symphyotrichum patens var. patens"
"SYPAP2","ASPA5","Aster patens"
"SYPIP2","","Symphyotrichum pilosum var. pringlei"
"SYPIP2","ASPIP","Aster pilosus var. pringlei"
"SYPR6","","Symphyotrichum prenanthoides"
"SYPR6","ASPR4","Aster prenanthoides"
"SYPUP","","Symphyotrichum puniceum var. puniceum"
"SYPUP","ASFI5","Aster firmus"
"SYPUP","ASPUF","Aster puniceus var. firmus"
"SYSU5","","Symphyotrichum subulatum"
"SYSU5","ASSU5","Aster subulatus"
"SYTE6","","Symphyotrichum tenuifolium"
"SYTE6","ASTE2","Aster tenuifolius"
"SYTR","","Symphyotrichum tradescantii"
"SYFO","","Symplocarpus foetidus"
"TACA7","","Taxus canadensis"
"TEVI","","Tephrosia virginiana"
"TECAC","","Teucrium canadense var. canadense"
"TECAC","TECAV","Teucrium canadense var. virginicum"
"THPU2","","Thalictrum pubescens"
"THRE","","Thalictrum revolutum"
"THTH2","","Thalictrum thalictroides"
"THTH2","ANTH5","Anemonella thalictroides"
"THNO","","Thelypteris noveboracensis"
"THPA","","Thelypteris palustris"
"THSI2","","Thelypteris simulata"
"THOC2","","Thuja occidentalis"
"TICO","","Tiarella cordifolia"
"TIAMH","","Tilia americana var. heterophylla"
"TIAMH","TIHE","Tilia heterophylla"
"TIDI","","Tipularia discolor"
"TOPA6","","Torreyochloa pallida"
"TOPAP","","Torreyochloa pallida var. pallida"
"TOPAP","PUPA2","Puccinellia pallida"
"TORA2","","Toxicodendron radicans"
"TORY","","Toxicodendron rydbergii"
"TOVE","","Toxicodendron vernix"
"TRBR","","Tradescantia bracteata"
"TROH","","Tradescantia ohiensis"
"TRVI2","","Triadenum virginicum"
"TRIN13","","Trichomanes intricatum"
"TRAL7","","Trichophorum alpinum"
"TRAL7","SCHU2","Scirpus hudsonianus"
"TRPL6","","Trichophorum planifolium"
"TRPL6","SCVE","Scirpus verecundus"
"TRBR5","","Trichostema brachiatum"
"TRBR5","ISBR3","Isanthus brachiatus"
"TRDI2","","Trichostema dichotomum"
"TRBO2","","Trientalis borealis"
"TRMA20","","Triglochin maritima"
"TRMA20","TRMA4","Triglochin maritimum"
"TRCE","","Trillium cernuum"
"TRCE","TRCEM","Trillium cernuum var. macranthum"
"TRER3","","Trillium erectum"
"TRGR4","","Trillium grandiflorum"
"TRUN","","Trillium undulatum"
"TRAU4","","Triosteum aurantiacum"
"TRPE5","","Triosteum perfoliatum"
"TRTR3","","Triphora trianthophora"
"TRPU4","","Triplasis purpurea"
"TRDA3","","Tripsacum dactyloides"
"TRSP2","","Trisetum spicatum"
"TRSP2","TRSPM6","Trisetum spicatum var. molle"
"TRSP2","TRSPP","Trisetum spicatum var. pilosiglume"
"TRSP2","TRTRM","Trisetum triflorum ssp. molle"
"ULRU","","Ulmus rubra"
"ULTH","","Ulmus thomasii"
"UTCO","","Utricularia cornuta"
"UTGE","","Utricularia geminiscapa"
"UTGI","","Utricularia gibba"
"UTGI","UTBI","Utricularia biflora"
"UTGI","UTFI","Utricularia fibrosa"
"UTIN","","Utricularia inflata"
"UTIN2","","Utricularia intermedia"
"UTMA","","Utricularia macrorhiza"
"UTMI","","Utricularia minor"
"UTPU","","Utricularia purpurea"
"UTRA","","Utricularia radiata"
"UTRE","","Utricularia resupinata"
"UTST","","Utricularia striata"
"UTST","UTFI3","Utricularia fibrosa"
"UTSU","","Utricularia subulata"
"UVGR","","Uvularia grandiflora"
"UVPE","","Uvularia perfoliata"
"VAAN","","Vaccinium angustifolium"
"VACO","","Vaccinium corymbosum"
"VAMA","","Vaccinium macrocarpon"
"VAMY","","Vaccinium myrtilloides"
"VAOX","","Vaccinium oxycoccos"
"VAST","","Vaccinium stamineum"
"VAVI","","Vaccinium vitis-idaea"
"VAVIM","","Vaccinium vitis-idaea ssp. minus"
"VAVIM","VAVIM2","Vaccinium vitis-idaea var. minus"
"VAUL2","","Valeriana uliginosa"
"VAUL2","VASIU","Valeriana sitchensis ssp. uliginosa"
"VAUM","","Valerianella umbilicata"
"VAAM3","","Vallisneria americana"
"VESI","","Verbena simplex"
"VEUR","","Verbena urticifolia"
"VEAL","","Verbesina alternifolia"
"VEMI2","","Vernonia missurica"
"VENO","","Vernonia noveboracensis"
"VEAM2","","Veronica americana"
"VEAN2","","Veronica anagallis-aquatica"
"VEAN2","VECA7","Veronica catenata"
"VESC2","","Veronica scutellata"
"VEVI4","","Veronicastrum virginicum"
"VIDEV","","Viburnum dentatum var. venosum"
"VILA11","","Viburnum lantanoides"
"VILA11","VIAL3","Viburnum alnifolium"
"VINU","","Viburnum nudum"
"VINUC","","Viburnum nudum var. cassinoides"
"VINUC","VICA","Viburnum cassinoides"
"VIOPA2","","Viburnum opulus var. americanum"
"VIOPA2","VITR8","Viburnum trilobum"
"VIRA","","Viburnum rafinesqueanum"
"VIRA","VIRAR","Viburnum rafinesqueanum var. rafinesqueanum"
"VIAD","","Viola adunca"
"VIAF2","","Viola affinis"
"VIBLP","","Viola blanda var. palustriformis"
"VIBLP","VIIN","Viola incognita"
"VIBR","","Viola brittoniana"
"VIBRB","","Viola brittoniana var. brittoniana"
"VICA4","","Viola canadensis"
"VILA10","","Viola labradorica"
"VILA10","VICO2","Viola conspersa"
"VILA4","","Viola lanceolata"
"VINE","","Viola nephrophylla"
"VIPA18","","Viola ×palmata"
"VIPA18","VIPA3","Viola palmata"
"VIPE","","Viola pedata"
"VIPE","VIPEL","Viola pedata var. lineariloba"
"VIPR4","","Viola ×primulifolia"
"VIPU3","","Viola pubescens"
"VIRE2","","Viola renifolia"
"VIRE2","VIREB","Viola renifolia var. brainerdii"
"VIRO2","","Viola rotundifolia"
"VISAO","","Viola sagittata var. ovata"
"VISAO","VIFI","Viola fimbriatula"
"VISE2","","Viola selkirkii"
"VISE5","","Viola septentrionalis"
"VIST3","","Viola striata"
"VIAE","","Vitis aestivalis"
"VILA8","","Vitis labrusca"
"VINO2","","Vitis ×novae-angliae"
"VIVU","","Vitis vulpina"
"VUOC","","Vulpia octoflora"
"VUOCG","","Vulpia octoflora var. glauca"
"VUOCG","FEOCT2","Festuca octoflora var. tenella"
"WAFR","","Waldsteinia fragarioides"
"WIFR","","Wisteria frutescens"
"WIFR","WIMA","Wisteria macrostachya"
"WOBR","","Wolffia brasiliensis"
"WOBR","WOPA","Wolffia papulifera"
"WOCO","","Wolffia columbiana"
"WOGL2","","Wolffiella gladiata"
"WOGL2","WOFL","Wolffiella floridana"
"WOGL","","Woodsia glabella"
"WOIL","","Woodsia ilvensis"
"WOOB2","","Woodsia obtusa"
"WOAR","","Woodwardia areolata"
"WOVI","","Woodwardia virginica"
"XASTC","","Xanthium strumarium var. canadense"
"XASTC","XACO","Xanthium commune"
"XASI","","Xanthorhiza simplicissima"
"XYDI","","Xyris difformis"
"XYMO","","Xyris montana"
"XYSM","","Xyris smalliana"
"XYTO","","Xyris torta"
"ZAPA","","Zannichellia palustris"
"ZAAM","","Zanthoxylum americanum"
"ZIAQ","","Zizania aquatica"
"ZIAQA2","","Zizania aquatica var. aquatica"
"ZIAU","","Zizia aurea"
